categoria,date,time,datetime,weekday,files,caption,grupo,tipoServicio,detalleServicio,codigo,precinto,numeroOrdenSap,direccion,solicitante,turno,contexto,estado
"CHECKPOINT","29/9/2026","22:44","29/09/2026 22:44","Tuesday","00000332-PHOTO-2026-09-29-22-44-33.jpg","Pellegrini 400","RELEVAMIENTO","SIN INCIDENCIAS","","","","","Pellegrini 400","OPERATIVO","TN SEMANA","RELEVAMIENTO 29/9/2026 (sin aviso previo)","OK"
"CHECKPOINT","29/9/2026","22:44","29/09/2026 22:44","Tuesday","00000333-PHOTO-2026-09-29-22-44-57.jpg","Pellegrini 423","RELEVAMIENTO","SIN INCIDENCIAS","","","","","Pellegrini 423","OPERATIVO","TN SEMANA","RELEVAMIENTO 29/9/2026 (sin aviso previo)","OK"
"CHECKPOINT","29/9/2026","22:45","29/09/2026 22:45","Tuesday","00000334-PHOTO-2026-09-29-22-45-31.jpg","Pellegrini 445","RELEVAMIENTO","SIN INCIDENCIAS","","","","","Pellegrini 445","OPERATIVO","TN SEMANA","RELEVAMIENTO 29/9/2026 (sin aviso previo)","OK"
"CHECKPOINT","29/9/2026","23:07","29/09/2026 23:07","Tuesday","00000336-PHOTO-2026-09-29-23-06-45.jpg|00000337-PHOTO-2026-09-29-23-07-12.jpg","Plaza de la republica ( av Corrientes 1041)","RELEVAMIENTO","SIN INCIDENCIAS","","","","","Av. Corrientes 1041","OPERATIVO","TN SEMANA","RELEVAMIENTO 29/9/2026 (sin aviso previo)","OK"
"CHECKPOINT","29/9/2026","23:40","29/09/2026 23:40","Tuesday","00000338-PHOTO-2026-09-29-23-40-22.jpg","Pellegrini 449","RELEVAMIENTO","SIN INCIDENCIAS","","","","","Pellegrini 449","OPERATIVO","TN SEMANA","RELEVAMIENTO 29/9/2026 (sin aviso previo)","OK"
"CHECKPOINT","29/9/2026","23:40","29/09/2026 23:40","Tuesday","00000339-PHOTO-2026-09-29-23-40-52.jpg","Pellegrini 451","RELEVAMIENTO","SIN INCIDENCIAS","","","","","Pellegrini 451","OPERATIVO","TN SEMANA","RELEVAMIENTO 29/9/2026 (sin aviso previo)","OK"
"CHECKPOINT","29/9/2026","23:48","29/09/2026 23:48","Tuesday","00000340-PHOTO-2026-09-29-23-48-59.jpg","Pellegrini 457","RELEVAMIENTO","SIN INCIDENCIAS","","","","","Pellegrini 457","OPERATIVO","TN SEMANA","RELEVAMIENTO 29/9/2026 (sin aviso previo)","OK"
"CHECKPOINT","30/9/2026","00:08","30/09/2026 00:08","Wednesday","00000341-PHOTO-2026-09-30-00-08-00.jpg","Pellegrini 485","RELEVAMIENTO","SIN INCIDENCIAS","","","","","Pellegrini 485","OPERATIVO","TN SEMANA","RELEVAMIENTO 29/9/2026 (sin aviso previo)","OK"
"CHECKPOINT","30/9/2026","00:08","30/09/2026 00:08","Wednesday","00000342-PHOTO-2026-09-30-00-08-30.jpg","Pellegrini 493","RELEVAMIENTO","SIN INCIDENCIAS","","","","","Pellegrini 493","OPERATIVO","TN SEMANA","RELEVAMIENTO 29/9/2026 (sin aviso previo)","OK"
"CHECKPOINT","30/9/2026","00:10","30/09/2026 00:10","Wednesday","00000343-PHOTO-2026-09-30-00-10-57.jpg","Lavalle y pellegrini 500","RELEVAMIENTO","SIN INCIDENCIAS","","","","","pellegrini 500","OPERATIVO","TN SEMANA","RELEVAMIENTO 29/9/2026 (sin aviso previo)","OK"
"CHECKPOINT","30/9/2026","00:14","30/09/2026 00:14","Wednesday","00000345-PHOTO-2026-09-30-00-14-11.jpg|00000346-PHOTO-2026-09-30-00-14-11.jpg","Plaza de la republica(Av Corrientes 1041)","RELEVAMIENTO","SIN INCIDENCIAS","","","","","Av. Corrientes 1041","OPERATIVO","TN SEMANA","RELEVAMIENTO 29/9/2026 (sin aviso previo)","OK"
"CHECKPOINT","30/9/2026","00:25","30/09/2026 00:25","Wednesday","00000347-PHOTO-2026-09-30-00-25-04.jpg","Pellegrini 495","RELEVAMIENTO","SIN INCIDENCIAS","","","","","Pellegrini 495","OPERATIVO","TN SEMANA","RELEVAMIENTO 29/9/2026 (sin aviso previo)","OK"
"CHECKPOINT","30/9/2026","00:26","30/09/2026 00:26","Wednesday","00000348-PHOTO-2026-09-30-00-26-25.jpg","Pellegrini 465","RELEVAMIENTO","SIN INCIDENCIAS","","","","","Pellegrini 465","OPERATIVO","TN SEMANA","RELEVAMIENTO 29/9/2026 (sin aviso previo)","OK"
"CHECKPOINT","30/9/2026","00:46","30/09/2026 00:46","Wednesday","00000350-PHOTO-2026-09-30-00-46-50.jpg|00000351-PHOTO-2026-09-30-00-46-51.jpg","Plaza de la república (av Corrientes 1041)","RELEVAMIENTO","SIN INCIDENCIAS","","","","","Av. Corrientes 1041","OPERATIVO","TN SEMANA","RELEVAMIENTO 29/9/2026 (sin aviso previo)","OK"